<?xml version="1.0" encoding="UTF-8"?>
<beans xmlns="http://www.springframework.org/schema/beans"
	xmlns:xsi="http://www.w3.org/2001/XMLSchema-instance"
	xmlns:p="http://www.springframework.org/schema/p"
	xsi:schemaLocation="http://www.springframework.org/schema/beans
		http://www.springframework.org/schema/beans/spring-beans.xsd">

	<bean id="car" class="com.example.bean.factory.CarSpringFactory" />

	<bean id="car2" class="com.example.bean.factory.CarFactory" factory-method="create" />
	
	<bean id="car1" class="com.example.bean.factory.Car">
		<constructor-arg>
			<value>Maruti Dzire</value>
		</constructor-arg>
		<constructor-arg>
			<value>800000.00</value>
		</constructor-arg>
	</bean>
 	
 
</beans>
