<?xml version="1.0" encoding="UTF-8"?>
<beans xmlns="http://www.springframework.org/schema/beans"
	 xmlns:context="http://www.springframework.org/schema/context"
	xmlns:xsi="http://www.w3.org/2001/XMLSchema-instance"
	xmlns:p="http://www.springframework.org/schema/p"
	xsi:schemaLocation="http://www.springframework.org/schema/beans
		http://www.springframework.org/schema/beans/spring-beans.xsd
		http://www.springframework.org/schema/context 
		http://www.springframework.org/schema/context/spring-context.xsd">
  
  	<context:component-scan base-package="com.example.aop" />
  	
  	<bean class="java.io.FileWriter" destroy-method="close">
  		<constructor-arg>
  			<value>C:\hsbc-pune-workspace\Day20\logs\access.log</value>
  		</constructor-arg>
  		<constructor-arg>
  			<value>true</value>
  		</constructor-arg>
  	</bean>
  	
  	<bean id="payrollService" class="org.springframework.aop.framework.ProxyFactoryBean">
  		<property name="target">
  			<ref bean="payrollServiceTarget" />
  		</property>
  		<property name="interceptorNames">
  			<array>
  				<value>successLogAdvice</value>
  				<!-->value>accessConsoleLogAdvice</value -->
  				<value>accessFileLogAdvice</value>
  			</array>
  		</property>
  	</bean>
	
</beans>
