<?xml version="1.0" encoding="UTF-8"?>
<beans xmlns="http://www.springframework.org/schema/beans"
	 xmlns:context="http://www.springframework.org/schema/context"
	xmlns:xsi="http://www.w3.org/2001/XMLSchema-instance"
	xmlns:p="http://www.springframework.org/schema/p"
	xsi:schemaLocation="http://www.springframework.org/schema/beans
		http://www.springframework.org/schema/beans/spring-beans.xsd
		http://www.springframework.org/schema/context 
		http://www.springframework.org/schema/context/spring-context.xsd">
  
  	<!--
    <context:property-placeholder location="com/example/property/messages.properties"  />
	-->
	
	<context:property-placeholder location="com/example/property/messages.properties,com/example/property/data.properties"  />
	
	<bean id="greetService" class="com.example.property.GreetService">
		<property name="title">
			<value>${app.title}</value>
		</property>
		<property name="version">
			<value>${app.version}</value>
		</property>
		<property name="greeting">
			<value>${user.greeting}</value>
		</property>
	</bean>
	
</beans>
