<?xml version="1.0" encoding="UTF-8"?>
<beans xmlns="http://www.springframework.org/schema/beans"
	 xmlns:context="http://www.springframework.org/schema/context"
	xmlns:xsi="http://www.w3.org/2001/XMLSchema-instance"
	xmlns:p="http://www.springframework.org/schema/p"
	xsi:schemaLocation="http://www.springframework.org/schema/beans
		http://www.springframework.org/schema/beans/spring-beans.xsd
		http://www.springframework.org/schema/context 
		http://www.springframework.org/schema/context/spring-context.xsd">
  
  	<context:component-scan base-package="com.example.dao,com.example.service" />
  
	<context:property-placeholder location="com/example/config/jdbc.properties" />
	
	<bean id="jdbcTemplate" class="org.springframework.jdbc.core.JdbcTemplate">
		<constructor-arg>
			<ref bean="derbydsn" />
		</constructor-arg>
	</bean>
	
	<bean id="derbydsn" class="org.springframework.jdbc.datasource.DriverManagerDataSource">
		<property name="driverClassName">
			<value>${jdbc.driver}</value>
		</property>
		<property name="url">
			<value>${jdbc.url}</value>
		</property>
		<property name="username">
			<value>${jdbc.user}</value>
		</property>
		<property name="password">
			<value>${jdbc.password}</value>
		</property>
	</bean>
	
</beans>
