<?xml version="1.0" encoding="UTF-8"?>
<beans xmlns="http://www.springframework.org/schema/beans"
	xmlns:context="http://www.springframework.org/schema/context"
	xmlns:xsi="http://www.w3.org/2001/XMLSchema-instance"
	xmlns:p="http://www.springframework.org/schema/p"
	xsi:schemaLocation="http://www.springframework.org/schema/beans
		http://www.springframework.org/schema/beans/spring-beans.xsd
		http://www.springframework.org/schema/context 
		http://www.springframework.org/schema/context/spring-context.xsd">

	<context:component-scan
		base-package="com.example.annonation.di" />

	<context:property-placeholder
		location="com/example/annonation/di/jdbc.properties,com/example/annonation/di/app.properties" />

	<bean id="carDAOBean" class="com.example.annonation.di.CarDAO">
	</bean>
	
	<bean id="fileInputStream" class="java.io.FileInputStream">
		<constructor-arg>
			<value>C:/files/cricket.txt</value>
		</constructor-arg>
	</bean>

</beans>
